create_db_time,et,rows,throughput
0.6678252220153809,996.5902247428894,173280996,173873.86680890314
