create_db_time,et,rows,throughput
0.7157237529754639,657.3888349533081,173280996,263589.8068033168
