create_db_time,et,rows,throughput
0.9804301261901855,1030.4778439998627,173280996,168155.9647390372
