create_db_time,et,rows,throughput
0.613933801651001,654.9886298179626,173280996,264555.731369198
