create_db_time,et,rows,throughput
6.45337700843811,3362.1885089874268,173280996,51538.15603640444
