create_db_time,et,rows,throughput
0.849923849105835,724.9788002967834,173280996,239015.25938284572
