create_db_time,et,rows,throughput
0.566892147064209,656.0346989631653,173280996,264133.88845721603
