create_db_time,et,rows,throughput
0.4208073616027832,473.3550181388855,173280996,366069.8405211756
