create_db_time,et,rows,throughput
0.578315019607544,704.8251349925995,173280996,245849.62623646986
