create_db_time,et,rows,throughput
0.7176761627197266,702.6623408794403,173280996,246606.35118586893
