create_db_time,et,rows,throughput
0.37719202041625977,475.18125009536743,173280996,364662.94906464225
