create_db_time,et,rows,throughput
0.6645298004150391,722.15403008461,173280996,239950.1889918108
