create_db_time,et,rows,throughput
2.895277976989746,490.18258118629456,173280996,353502.9653249639
