create_db_time,et,rows,throughput
0.5681860446929932,661.0572230815887,173280996,262127.07455525885
