create_db_time,et,rows,throughput
0.5675058364868164,698.3115808963776,173280996,248142.80722305988
