create_db_time,et,rows,throughput
0.5898721218109131,1016.3277742862701,294663155,289929.25555629056
