create_db_time,et,rows,throughput
0.6206941604614258,707.0222578048706,173280996,245085.6307381251
