create_db_time,et,rows,throughput
0.4050021171569824,488.6344289779663,173280996,354622.97726837755
