create_db_time,et,rows,throughput
0.44526195526123047,483.546902179718,173280996,358354.0608344076
