create_db_time,et,rows,throughput
0.40697288513183594,513.522392988205,173280996,337436.104765893
