create_db_time,et,rows,throughput
0.6949779987335205,792.2006261348724,173280996,218733.7276485551
