create_db_time,et,rows,throughput
0.44920802116394043,467.9753189086914,173280996,370278.0659546055
