create_db_time,et,rows,throughput
0.4542510509490967,507.05829095840454,173280996,341737.8220410851
