create_db_time,et,rows,throughput
0.6532790660858154,672.397463798523,173280996,257706.20106312877
