create_db_time,et,rows,throughput
0.6582789421081543,727.0956859588623,173280996,238319.38401819085
