create_db_time,et,rows,throughput
0.6481208801269531,692.6358971595764,173280996,250176.17006367457
