create_db_time,et,rows,throughput
0.562492847442627,673.388503074646,173280996,257326.9297126559
