create_db_time,et,rows,throughput
0.6816680431365967,684.6064760684967,173280996,253110.36640363708
