create_db_time,et,rows,throughput
0.4472980499267578,495.8522548675537,173280996,349460.9418410022
