create_db_time,et,rows,throughput
0.6630880832672119,754.0154409408569,173280996,229810.93833274924
