create_db_time,et,rows,throughput
0.37181782722473145,462.5009801387787,173280996,374660.818984654
