create_db_time,et,rows,throughput
0.9299781322479248,693.9214630126953,173280996,249712.69118509715
