create_db_time,et,rows,throughput
0.6487479209899902,730.5937459468842,173280996,237178.31826690442
