create_db_time,et,rows,throughput
0.7005660533905029,729.3695108890533,173280996,237576.41828047062
