create_db_time,et,rows,throughput
0.6236021518707275,711.2212951183319,173280996,243638.6497273957
