create_db_time,et,rows,throughput
0.7255120277404785,748.1492552757263,173280996,231612.86972896635
