create_db_time,et,rows,throughput
0.6677842140197754,689.1392679214478,173280996,251445.5409320132
