create_db_time,et,rows,throughput
0.4094820022583008,500.1546928882599,173280996,346454.8038114938
