create_db_time,et,rows,throughput
0.4759190082550049,499.63196992874146,173280996,346817.2703694555
