create_db_time,et,rows,throughput
0.4336512088775635,460.80261301994324,173280996,376041.6957368697
