create_db_time,et,rows,throughput
0.6726560592651367,703.8164558410645,173280996,246201.96723438113
