create_db_time,et,rows,throughput
0.669079065322876,725.6011209487915,173280996,238810.26503021226
