create_db_time,et,rows,throughput
0.646730899810791,700.9362359046936,173280996,247213.63673879323
