create_db_time,et,rows,throughput
0.49585795402526855,1689.1764647960663,347570387,205763.2190855572
