create_db_time,et,rows,throughput
0.7441322803497314,724.8570289611816,173280996,239055.41241468702
