create_db_time,et,rows,throughput
0.4403219223022461,523.1964449882507,173280996,331196.81461882126
