create_db_time,et,rows,throughput
0.6377978324890137,2056.62069606781,441328733,214589.26959346747
