create_db_time,et,rows,throughput
0.3979499340057373,440.94948291778564,173280996,392972.44403914624
