create_db_time,et,rows,throughput
0.6239151954650879,731.7543029785156,173280996,236802.1551696807
