create_db_time,et,rows,throughput
0.4200477600097656,481.25129890441895,173280996,360063.4354535327
