create_db_time,et,rows,throughput
0.6432251930236816,622.9849350452423,173280996,278146.3663923366
