create_db_time,et,rows,throughput
0.5071020126342773,636.2912428379059,173280996,272329.6885670687
