create_db_time,et,rows,throughput
0.7152929306030273,734.8571310043335,173280996,235802.2922947973
