create_db_time,et,rows,throughput
0.4026660919189453,546.4622421264648,173280996,317096.0089130888
