create_db_time,et,rows,throughput
0.6097731590270996,677.5628910064697,173280996,255741.5677570592
