create_db_time,et,rows,throughput
0.7329041957855225,714.6714191436768,173280996,242462.46786757786
