et,rows,throughput
7.724081993103027,11,0.006111111111111111
