et,rows,throughput
8.999748945236206,11,0.006111111111111111
