et,rows,throughput
8.688647985458374,11,0.006111111111111111
