et,rows,throughput
8.348312854766846,11,0.006111111111111111
