et,rows,throughput
8.047383069992065,11,0.006111111111111111
