et,rows,throughput
10.193501234054565,11,0.006111111111111111
