et,rows,throughput
9.010344982147217,11,0.006111111111111111
