et,rows,throughput
15.482846021652222,261551,145.3061111111111
