et,rows,throughput
5.691889047622681,11,0.006111111111111111
