et,rows,throughput
5.546144008636475,11,0.006111111111111111
