et,rows,throughput
9.785982847213745,11,0.006111111111111111
