et,rows,throughput
5.508777856826782,11,0.006111111111111111
