et,rows,throughput
6.399215936660767,11,0.006111111111111111
