et,rows,throughput
9.945569038391113,11,0.006111111111111111
