et,rows,throughput
8.74325704574585,11,0.006111111111111111
