et,rows,throughput
5.868461608886719,11,0.006111111111111111
