et,rows,throughput
5.59298300743103,11,0.006111111111111111
