et,rows,throughput
8.820665121078491,11,0.006111111111111111
