et,rows,throughput
8.84068512916565,11,0.006111111111111111
