et,rows,throughput
8.762022256851196,11,0.006111111111111111
