et,rows,throughput
10.63120722770691,11,0.006111111111111111
