et,rows,throughput
8.650989055633545,11,0.006111111111111111
