et,rows,throughput
10.005769968032837,11,0.006111111111111111
