,create_db_time,et,rows,throughput
0,70.4543788433075,1422.2084596157074,22806424,16035.922051934978
