,create_db_time,et,rows,throughput
0,70.08296203613281,1784.9833874702454,76249041,42716.94713532511
