,create_db_time,et,rows,throughput
0,70.67523097991943,2014.7019021511078,54208842,26906.631667007878
