,et,rows,throughput
0,140.66246032714844,15058,8.365555555555556
