,et,rows,throughput
0,158.57895636558533,30146,16.747777777777777
