,et,rows,throughput
0,164.375244140625,45210,25.116666666666667
